Model,Threshold,Precision,Recall,F1-Score,ROC-AUC,PR-AUC,Specificity,Balanced Accuracy
logistic_regression,0.80,0.9551282051282052,0.6422413793103449,0.7680412371134021,0.8105425926848713,0.6925856071173757,0.997471098265896,0.8198562387881204
random_forest,0.50,0.8855421686746988,0.6336206896551724,0.7386934673366834,0.814377211231812,0.6777748563524294,0.993135838150289,0.8133782639027307
xgboost,0.30,0.3076923076923077,0.6896551724137931,0.425531914893617,0.8299157863264899,0.6867044680864233,0.869942196531792,0.7797986844727925
